INSERT INTO farm (F_id, F_bank_account, F_location, Manager_id) 
VALUES
(1, 123456789, 'Location A', 1),
(2, 987654321, 'Location B', 2),
(3, 112233445, 'Location C', 3),
(4, 667788990, 'Location D', 4),
(5, 555666777, 'Location E', 5),
(6, 444555666, 'Location F', 6),
(7, 333444555, 'Location G', 7),
(8, 222333444, 'Location H', 8),
(19, 111222333, 'Location I', 9),
(10, 999888777, 'Location J', 10),
(11, 888777666, 'Location K', 11),
(12, 777666555, 'Location L', 12),
(13, 666555444, 'Location M', 13),
(14, 555444333, 'Location N', 14),
(15, 444333222, 'Location O', 15),
(16, 333222111, 'Location P', 16),
(17, 222111000, 'Location Q', 17),
(18, 111000999, 'Location R', 18),
(19, 100999888, 'Location S', 19),
(20, 199888777, 'Location T', 20),
(21, 288777666, 'Location U', 21),
(22, 377666555, 'Location V', 22),
(23, 466555444, 'Location W', 23),
(24, 555444333, 'Location X', 24),
(25, 644333222, 'Location Y', 25),
(26, 733222111, 'Location Z', 26),
(27, 822111000, 'Location AA', 27),
(28, 911000999, 'Location AB', 28),
(29, 100999888, 'Location AC', 29),
(30, 199888777, 'Location AD', 30),
(31, 288777666, 'Location AE', 31),
(32, 377666555, 'Location AF', 32),
(33, 466555444, 'Location AG', 33),
(34, 555444333, 'Location AH', 34),
(35, 644333222, 'Location AI', 35),
(36, 733222111, 'Location AJ', 36),
(37, 822111000, 'Location AK', 37),
(38, 911000999, 'Location AL', 38),
(39, 100999888, 'Location AM', 39),
(40, 199888777, 'Location AN', 40),
(41, 288777666, 'Location AO', 41),
(42, 377666555, 'Location AP', 42),
(43, 466555444, 'Location AQ', 43),
(44, 555444333, 'Location AR', 44),
(45, 644333222, 'Location AS', 45),
(46, 733222111, 'Location AT', 46),
(47, 822111000, 'Location AU', 47),
(48, 911000999, 'Location AV', 48),
(49, 100999888, 'Location AW', 49),
(50, 199888777, 'Location AX', 50),
(51, 288777666, 'Location AY', 51),
(52, 377666555, 'Location AZ', 52),
(53, 466555444, 'Location BA', 53),
(54, 555444333, 'Location BB', 54),
(55, 644333222, 'Location BC', 55),
(56, 733222111, 'Location BD', 56),
(57, 822111000, 'Location BE', 57),
(58, 911000999, 'Location BF', 58),
(59, 100999888, 'Location BG', 59),
(60, 199888777, 'Location BH', 60);

insert into Worker (W_id, W_name, Start_date, Salary, W_sex, W_Bdate, Phone, Email, Farm_id, Warehouse_C_id) 
value
(1, 'John Doe', '2024-01-10', 2500, 'M', '1985-06-15', 1234567890, 'john.doe@example.com', 1, 1),
(2, 'Jane Smith', '2023-12-01', 2700, 'F', '1990-03-25', 1234567891, 'jane.smith@example.com', 2, 2),
(3, 'Michael Johnson', '2024-02-05', 2900, 'M', '1980-11-10', 1234567892, 'michael.johnson@example.com', 3, 100),
(4, 'Emily Davis', '2024-03-18', 2600, 'F', '1988-07-12', 1234567893, 'emily.davis@example.com', 1, 50),
(5, 'David Brown', '2024-04-22', 2800, 'M', '1982-05-30', 1234567894, 'david.brown@example.com', 4, 3),
(6, 'Sarah Wilson', '2024-05-17', 3000, 'F', '1992-09-09', 1234567895, 'sarah.wilson@example.com', 2, 20),
(7, 'James Miller', '2024-06-01', 3100, 'M', '1979-02-18', 1234567896, 'james.miller@example.com', 3, 8),
(8, 'Linda Taylor', '2024-07-14', 3200, 'F', '1983-12-23', 1234567897, 'linda.taylor@example.com', 4,30),
(9, 'Robert Anderson', '2024-08-06', 3300, 'M', '1991-04-02', 1234567898, 'robert.anderson@example.com', 1, 100),
(10, 'Patricia Thomas', '2024-09-13', 3400, 'F', '1990-01-19', 1234567899, 'patricia.thomas@example.com', 2, 10),
(11, 'Daniel Harris', '2024-01-21', 2500, 'M', '1987-11-11', 1234567801, 'daniel.harris@example.com', 1, 50),
(12, 'Sophia Clark', '2024-02-10', 2800, 'F', '1993-03-15', 1234567802, 'sophia.clark@example.com', 2, 8),
(13, 'Ethan Lewis', '2024-03-05', 2900, 'M', '1980-12-10', 1234567803, 'ethan.lewis@example.com', 3, 100),
(14, 'Isabella Walker', '2024-04-15', 2700, 'F', '1991-06-22', 1234567804, 'isabella.walker@example.com', 1, 1),
(15, 'Alexander Harris', '2024-05-20', 3100, 'M', '1985-04-18', 1234567805, 'alexander.harris@example.com', 1, 40),
(16, 'Mia Young', '2024-06-10', 3000, 'F', '1994-08-30', 1234567806, 'mia.young@example.com', 2, 9),
(17, 'Benjamin Hall', '2024-07-05', 3200, 'M', '1992-05-16', 1234567807, 'benjamin.hall@example.com', 3, 50),
(18, 'Charlotte Allen', '2024-08-25', 3300, 'F', '1989-02-14', 1234567808, 'charlotte.allen@example.com', 4, 60),
(19, 'Oliver King', '2024-09-12', 3400, 'M', '1986-09-28', 1234567809, 'oliver.king@example.com', 1, 100),
(20, 'Amelia Scott', '2024-10-17', 3500, 'F', '1995-07-19', 1234567810, 'amelia.scott@example.com', 2, 80),
(21, 'Lucas Green', '2024-11-05', 2500, 'M', '1987-12-22', 1234567811, 'lucas.green@example.com', 3, 1),
(22, 'Zoe Adams', '2024-12-01', 2600, 'F', '1991-04-17', 1234567812, 'zoe.adams@example.com', 4, 7),
(23, 'Henry Martinez', '2024-01-12', 2700, 'M', '1989-08-25', 1234567813, 'henry.martinez@example.com', 1, 10),
(24, 'Chloe Rodriguez', '2024-02-01', 2800, 'F', '1993-05-19', 1234567814, 'chloe.rodriguez@example.com', 2, 20),
(25, 'Samuel Moore', '2024-03-10', 2900, 'M', '1990-11-03', 1234567815, 'samuel.moore@example.com', 3, 30),
(26, 'Harper Perez', '2024-04-12', 3000, 'F', '1988-01-14', 1234567816, 'harper.perez@example.com', 4, 50),
(27, 'Jack Wilson', '2024-05-02', 3100, 'M', '1982-07-20', 1234567817, 'jack.wilson@example.com', 1, 50),
(28, 'Grace Johnson', '2024-06-22', 3200, 'F', '1986-02-05', 1234567818, 'grace.johnson@example.com', 2, 60),
(29, 'Aiden Carter', '2024-07-15', 3300, 'M', '1990-12-02', 1234567819, 'aiden.carter@example.com', 3, 70),
(30, 'Lily Nelson', '2024-08-04', 3400, 'F', '1995-04-23', 1234567820, 'lily.nelson@example.com', 4, 80),
(31, 'William Lee', '2024-09-03', 3500, 'M', '1981-03-27', 1234567821, 'william.lee@example.com', 1, 90),
(32, 'Eva Moore', '2024-10-20', 2600, 'F', '1994-11-10', 1234567822, 'eva.moore@example.com', 2, 1),
(33, 'James Harris', '2024-11-17', 2700, 'M', '1987-06-16', 1234567823, 'james.harris@example.com', 3, 10),
(34, 'Emma Young', '2024-12-12', 2800, 'F', '1992-08-14', 1234567824, 'emma.young@example.com', 4, 20),
(35, 'Oliver White', '2024-01-01', 2900, 'M', '1989-03-09', 1234567825, 'oliver.white@example.com', 1, 30),
(36, 'Scarlett King', '2024-02-15', 3000, 'F', '1993-12-25', 1234567826, 'scarlett.king@example.com', 2, 40),
(37, 'Samuel Green', '2024-03-01', 3100, 'M', '1992-06-02', 1234567827, 'samuel.green@example.com', 3, 50),
(38, 'Ella Lewis', '2024-04-30', 3200, 'F', '1995-01-18', 1234567828, 'ella.lewis@example.com', 4, 60),
(39, 'Caleb Clark', '2024-05-14', 3300, 'M', '1988-10-11', 1234567829, 'caleb.clark@example.com', 1, 70)
(41, 'Thomas Brown', '2024-06-15', 2500, 'M', '1985-08-22', 1234567830, 'thomas.brown@example.com', 1, 5),
(42, 'Abigail Lopez', '2024-07-01', 2700, 'F', '1993-04-30', 1234567831, 'abigail.lopez@example.com', 2, 5),
(43, 'Jacob Wright', '2024-07-22', 2900, 'M', '1989-10-14', 1234567832, 'jacob.wright@example.com', 3, 100),
(44, 'Sophia Hall', '2024-08-03', 2600, 'F', '1994-03-05', 1234567833, 'sophia.hall@example.com', 4, 56),
(45, 'Liam Martinez', '2024-08-15', 2800, 'M', '1986-12-20', 1234567834, 'liam.martinez@example.com', 5, 77),
(46, 'Ella Perez', '2024-09-10', 3000, 'F', '1990-07-16', 1234567835, 'ella.perez@example.com', 2, 520),
(47, 'Andrew Garcia', '2024-09-21', 3100, 'M', '1991-01-08', 1234567836, 'andrew.garcia@example.com', 3, 85),
(48, 'Avery Johnson', '2024-10-05', 3200, 'F', '1992-05-11', 1234567837, 'avery.johnson@example.com', 4, 30),
(49, 'Jackson Moore', '2024-10-25', 3300, 'M', '1993-09-17', 1234567838, 'jackson.moore@example.com', 1, 95),
(50, 'Amelia Adams', '2024-11-05', 3400, 'F', '1995-02-28', 1234567839, 'amelia.adams@example.com', 2, 10),
(51, 'Henry Carter', '2024-11-20', 2500, 'M', '1987-05-23', 1234567840, 'henry.carter@example.com', 1, 50),
(52, 'Zara Lee', '2024-12-01', 2600, 'F', '1993-11-13', 1234567841, 'zara.lee@example.com', 3, 8),
(53, 'Benjamin Turner', '2024-12-15', 2700, 'M', '1985-07-29', 1234567842, 'benjamin.turner@example.com', 4, 00),
(54, 'Emma Brooks', '2025-01-12', 2800, 'F', '1994-09-14', 1234567843, 'emma.brooks@example.com', 5, 20),
(55, 'Nathan Bell', '2025-01-22', 2900, 'M', '1990-02-21', 1234567844, 'nathan.bell@example.com', 2, 40),
(56, 'Layla White', '2025-02-05', 3000, 'F', '1991-12-09', 1234567845, 'layla.white@example.com', 3, 43),
(57, 'Ethan Davis', '2025-02-15', 3100, 'M', '1993-06-18', 1234567846, 'ethan.davis@example.com', 1, 60),
(58, 'Victoria Green', '2025-03-01', 3200, 'F', '1995-01-04', 1234567847, 'victoria.green@example.com', 4, 70),
(59, 'Matthew Cooper', '2025-03-10', 3300, 'M', '1988-04-20', 1234567848, 'matthew.cooper@example.com', 5, 80),
(60, 'Luna Nelson', '2025-03-25', 3400, 'F', '1996-10-07', 1234567849, 'luna.nelson@example.com', 2, 90)
(62, 'Liam Anderson', '2025-04-10', 3500, 'M', '1988-07-10', 1234567851, 'liam.anderson@example.com', 2, 40),
(63, 'Olivia Martinez', '2025-05-15', 3600, 'F', '1990-06-25', 1234567852, 'olivia.martinez@example.com', 1, 60),
(64, 'Noah Taylor', '2025-06-20', 3700, 'M', '1985-03-14', 1234567853, 'noah.taylor@example.com', 4, 80),
(65, 'Emma Wilson', '2025-07-25', 3800, 'F', '1993-08-22', 1234567854, 'emma.wilson@example.com', 3, 20),
(66, 'Lucas Carter', '2025-08-10', 3900, 'M', '1991-12-01', 1234567855, 'lucas.carter@example.com', 2, 30),
(67, 'Mia Perez', '2025-09-15', 4000, 'F', '1989-04-19', 1234567856, 'mia.perez@example.com', 1, 20),
(68, 'Ethan Hall', '2025-10-20', 4100, 'M', '1986-10-12', 1234567857, 'ethan.hall@example.com', 4, 40),
(69, 'Sophia Scott', '2025-11-25', 4200, 'F', '1992-11-08', 1234567858, 'sophia.scott@example.com', 3, 60),
(70, 'Mason Lopez', '2025-12-30', 4300, 'M', '1987-09-03', 1234567859, 'mason.lopez@example.com', 2, 80),
(71, 'Ava White', '2026-01-05', 4400, 'F', '1994-01-25', 1234567860, 'ava.white@example.com', 1, 67),
(72, 'James Hill', '2026-02-10', 4500, 'M', '1988-06-30', 1234567861, 'james.hill@example.com', 4, 10),
(73, 'Charlotte Baker', '2026-03-15', 4600, 'F', '1991-07-18', 1234567862, 'charlotte.baker@example.com', 3, 20),
(74, 'Benjamin Adams', '2026-04-20', 4700, 'M', '1985-05-15', 1234567863, 'benjamin.adams@example.com', 2, 30),
(75, 'Amelia Clark', '2026-05-25', 4800, 'F', '1993-09-09', 1234567864, 'amelia.clark@example.com', 1, 40),
(76, 'Elijah Harris', '2026-06-30', 4900, 'M', '1989-08-05', 1234567865, 'elijah.harris@example.com', 4, 60),
(77, 'Isabella Young', '2026-07-05', 5000, 'F', '1992-02-03', 1234567866, 'isabella.young@example.com', 3, 80),
(78, 'Logan Robinson', '2026-08-10', 5100, 'M', '1987-04-11', 1234567867, 'logan.robinson@example.com', 2, 1),
(79, 'Ella Wright', '2026-09-15', 5200, 'F', '1994-03-21', 1234567868, 'ella.wright@example.com', 1, 10),
(80, 'Alexander Green', '2026-10-20', 5300, 'M', '1986-12-30', 1234567869, 'alexander.green@example.com', 4, 20),
(81, 'Grace King', '2026-11-25', 5400, 'F', '1990-05-29', 1234567870, 'grace.king@example.com', 3, 30),
(82, 'Liam Walker', '2026-12-30', 5500, 'M', '1991-07-20', 1234567871, 'liam.walker@example.com', 2, 40),
(83, 'Zoe Thompson', '2027-01-05', 5600, 'F', '1988-02-15', 1234567872, 'zoe.thompson@example.com', 1, 50),
(84, 'Henry Davis', '2027-02-10', 5700, 'M', '1985-09-08', 1234567873, 'henry.davis@example.com', 4, 60),
(85, 'Chloe Lewis', '2027-03-15', 5800, 'F', '1993-01-10', 1234567874, 'chloe.lewis@example.com', 3, 80),
(86, 'Ethan Martinez', '2027-04-20', 5900, 'M', '1992-11-30', 1234567875, 'ethan.martinez@example.com', 2, 00),
(87, 'Ava Robinson', '2027-05-25', 6000, 'F', '1989-06-12', 1234567876, 'ava.robinson@example.com', 1, 10),
(88, 'Jack Taylor', '2027-06-30', 6100, 'M', '1986-08-25', 1234567877, 'jack.taylor@example.com', 4, 20),
(89, 'Emma Hall', '2027-07-05', 6200, 'F', '1991-04-30', 1234567878, 'emma.hall@example.com', 3, 30),
(90, 'William White', '2027-08-10', 6300, 'M', '1994-10-15', 1234567879, 'william.white@example.com', 2, 40);

insert INTO Dependent (D_name, W_id, Sex, Phone, Relationship)
VALUES
('John Doe', 1, 'M', 1234567890, 'Friend'),
('Jane Smith', 2, 'F', 1234567891, 'Sister'),
('Michael Johnson', 3, 'M', 1234567892, 'Brother'),
('Emily Davis', 4, 'F', 1234567893, 'Cousin'),
('David Brown', 5, 'M', 1234567894, 'Friend'),
('Sarah Wilson', 6, 'F', 1234567895, 'Mother'),
('James Miller', 7, 'M', 1234567896, 'Father'),
('Linda Taylor', 8, 'F', 1234567897, 'Aunt'),
('Robert Anderson', 9, 'M', 1234567898, 'Uncle'),
('Patricia Thomas', 10, 'F', 1234567899, 'Friend'),
('Andrew Scott', 11, 'M', 1234567800, 'Brother'),
('Natalie Harris', 12, 'F', 1234567801, 'Cousin'),
('Kevin Clark', 13, 'M', 1234567802, 'Father'),
('Laura Lewis', 14, 'F', 1234567803, 'Mother'),
('George Walker', 15, 'M', 1234567804, 'Friend'),
('Olivia Hall', 16, 'F', 1234567805, 'Sister'),
('Isaac Young', 17, 'M', 1234567806, 'Brother'),
('Sophia Allen', 18, 'F', 1234567807, 'Friend'),
('Ethan King', 19, 'M', 1234567808, 'Cousin'),
('Emma Carter', 20, 'F', 1234567809, 'Aunt'),
('Lucas Mitchell', 21, 'M', 1234567810, 'Uncle'),
('Mason Rodriguez', 22, 'M', 1234567811, 'Father'),
('Harper Martinez', 23, 'F', 1234567812, 'Mother'),
('Liam Gonzalez', 24, 'M', 1234567813, 'Brother'),
('Zoe Perez', 25, 'F', 1234567814, 'Sister'),
('Henry Thomas', 26, 'M', 1234567815, 'Friend'),
('Ava Jackson', 27, 'F', 1234567816, 'Mother'),
('Jackie White', 28, 'F', 1234567817, 'Friend'),
('Charlotte Harris', 29, 'F', 1234567818, 'Cousin'),
('Alexander Scott', 30, 'M', 1234567819, 'Uncle'),
('Madison Lee', 31, 'F', 1234567820, 'Aunt'),
('Benjamin Lewis', 32, 'M', 1234567821, 'Father'),
('Ella Robinson', 33, 'F', 1234567822, 'Mother'),
('Daniel Young', 34, 'M', 1234567823, 'Brother'),
('Sophia Mitchell', 35, 'F', 1234567824, 'Sister'),
('William Turner', 36, 'M', 1234567825, 'Friend'),
('Lily Adams', 37, 'F', 1234567826, 'Aunt'),
('Jacob Nelson', 38, 'M', 1234567827, 'Cousin'),
('Mia Phillips', 39, 'F', 1234567828, 'Friend'),
('James Lewis', 40, 'M', 1234567829, 'Brother'),
('Amelia Carter', 41, 'F', 1234567830, 'Sister'),
('Matthew Walker', 42, 'M', 1234567831, 'Father'),
('Grace King', 43, 'F', 1234567832, 'Mother'),
('William Scott', 44, 'M', 1234567833, 'Cousin'),
('Natalie Adams', 45, 'F', 1234567834, 'Aunt'),
('Lucas Thomas', 46, 'M', 1234567835, 'Brother'),
('Chloe Perez', 47, 'F', 1234567836, 'Sister'),
('Evan Mitchell', 48, 'M', 1234567837, 'Friend'),
('Isabella Walker', 49, 'F', 1234567838, 'Mother'),
('Jameson Harris', 50, 'M', 1234567839, 'Father'),
('Lily Lewis', 51, 'F', 1234567840, 'Brother'),
('Sophia Walker', 52, 'F', 1234567841, 'Sister'),
('Harper Nelson', 53, 'F', 1234567842, 'Cousin'),
('William Scott', 54, 'M', 1234567843, 'Friend'),
('Madison Robinson', 55, 'F', 1234567844, 'Aunt'),
('James Thomas', 56, 'M', 1234567845, 'Uncle'),
('Lucas Carter', 57, 'M', 1234567846, 'Father'),
('Ella Gonzalez', 58, 'F', 1234567847, 'Mother'),
('Benjamin Phillips', 59, 'M', 1234567848, 'Brother'),
('Chloe Robinson', 60, 'F', 1234567849, 'Sister');



INSERT INTO machine (Ma_id, Type, F_id)
VALUES
(1, 'Tractor', 1),
(2, 'Harvester', 2),
(3, 'Plow', 103),
(4, 'Irrigation System', 1),
(5, 'Mower', 4),
(6, 'Seeder', 2),
(7, 'Sprayer', 3),
(8, 'Tiller', 1),
(9, 'Cultivator', 4),
(10, 'Baler', 2),
(11, 'Lifter', 3),
(12, 'Loader', 4),
(13, 'Excavator', 1),
(14, 'Forklift', 2),
(15, 'Combine', 3),
(16, 'Trencher', 1),
(17, 'Grader', 4),
(18, 'Digger', 2),
(19, 'Backhoe', 3),
(20, 'Roller', 1),
(21, 'Water Tanker', 4),
(22, 'Wheel Loader', 2),
(23, 'Grape Picker', 3),
(24, 'Cotton Picker', 1),
(25, 'Mini Excavator', 4),
(26, 'Scraper', 2),
(27, 'Farm Truck', 3),
(28, 'Towing Tractor', 1),
(29, 'Milling Machine', 4),
(30, 'Dump Truck', 2),
(31, 'Road Roller', 3),
(32, 'Snow Plow', 1),
(33, 'Bale Wrapper', 4),
(34, 'Grain Cart', 2),
(35, 'Plow Truck', 3),
(36, 'Windrower', 1),
(37, 'Chisel Plow', 4),
(38, 'Field Cultivator', 2),
(39, 'Row Crop Tractor', 3),
(40, 'Land Leveler',1),
(41, 'Hay Rake',4),
(42, 'Swather',2),
(43, 'Grain Cart',3),
(44, 'Soil Compactor',1),
(45, 'Ag Tractor',4),
(46, 'Trencher',2),
(47, 'Field Sprayer',3),
(48, 'Garden Tractor',1),
(49, 'Windrower',4),
(50, 'Cattle Feeder',2),
(51, 'Subsoiler',3),
(52, 'Farm Trailer',1),
(53, 'Riding Mower',4),
(54, 'Soil Aerator',2),
(55, 'Vegetable Harvester',3),
(56, 'Baling Twine', 1),
(57, 'Fertilizer Spreader', 4),
(58, 'Tree Planter',2),
(59, 'Mulcher', 3),
(60, 'Ditcher', 1);



INSERT INTO poultry (P_id, Sex, F_id, Ma_id, land_id, Fodder_Fo_id)
VALUES
(1, 'M', 1, 1, 201, 1),
(2, 'F', 2, 2, 202, 2),
(3, 'M', 3, 3, 203, 3),
(4, 'F', 4, 4, 204, 4),
(5, 'M', 1, 5, 205, 5),
(6, 'F', 2, 6, 206, 6),
(7, 'M', 3, 7, 207, 7),
(8, 'F', 4, 8, 208, 8),
(9, 'M', 1, 9, 209, 9),
(10, 'F', 2, 10, 210,10),
(11, 'M', 3, 11, 211, 11),
(12, 'F', 4, 12, 212, 12),
(13, 'M', 1, 13, 213, 13),
(14, 'F', 2, 14, 214, 14),
(15, 'M', 3, 15, 215, 15),
(16, 'F', 4, 16, 216, 16),
(17, 'M', 1, 17, 217, 17),
(18, 'F', 2, 18, 218, 18),
(19, 'M', 3 ,19, 219, 19),
(20, 'F', 4, 20, 220, 20),
(21, 'M', 1, 21, 221, 21),
(22, 'F', 2, 22, 222, 22),
(23, 'M', 3, 23, 223, 23),
(24, 'F', 4, 24, 224, 24),
(25, 'M', 1, 25, 225, 25),
(26, 'F', 2, 26, 226, 26),
(27, 'M', 3, 27, 227, 27),
(28, 'F', 4, 28, 228, 28),
(29, 'M', 1, 29, 229, 29),
(30, 'F', 2, 30, 230, 30),
(31, 'M', 3, 31, 231, 31),
(32, 'F', 4, 32, 232, 32),
(33, 'M', 1, 33, 233, 33),
(34, 'F', 2, 34, 234, 34),
(35, 'M', 3, 35, 235, 35),
(36, 'F', 4, 36, 236, 36),
(37, 'M', 1, 37, 237, 37),
(38, 'F', 2, 38, 238, 38),
(39, 'M', 3, 39, 239, 39),
(40, 'F', 4, 40, 240, 40),
(41, 'M', 1, 41, 241, 41),
(42, 'F', 2, 42, 242, 42),
(43, 'M', 3, 43, 243, 43),
(44, 'F', 4, 44, 244, 44),
(45, 'M', 1, 45, 245, 45),
(46, 'F', 2, 46, 246, 46),
(47, 'M', 3, 47, 247, 47),
(48, 'F', 4, 48, 248, 48),
(49, 'M', 1, 49, 249, 49),
(50, 'F', 2, 50, 250, 50),
(51, 'M', 3, 51, 251, 51),
(52, 'F', 4, 52, 252, 52),
(53, 'M', 1, 53, 253, 53),
(54, 'F', 2, 54, 254, 54),
(55, 'M', 3, 55, 255, 55),
(56, 'F', 4, 56, 256, 56),
(57, 'M', 1, 57, 257, 57),
(58, 'F', 2, 58, 258, 58),
(59, 'M', 3, 59, 259, 59),
(60, 'F', 4, 60, 260, 60);



INSERT INTO livestock (Lid, Sex, F_id, Ma_id, land_id, Fodder_Fo_id)
VALUES
(1, 'M', 1, 1, 201, 1),
(2, 'F', 2, 2, 202, 2),
(3, 'M', 3, 3, 203, 3),
(4, 'F', 4, 4, 204,4),
(5, 'M', 1, 5, 205, 5),
(6, 'F', 2, 6, 206, 6),
(7, 'M', 3, 7, 207, 7),
(8, 'F', 4, 8, 208, 8),
(9, 'M', 1, 9, 209, 9),
(10, 'F', 2, 10, 210, 10),
(11, 'M', 3, 11, 211, 11),
(12, 'F', 4, 12, 212, 12),
(13, 'M', 1, 13, 213, 13),
(14, 'F', 2, 14, 214, 14),
(15, 'M', 3, 15, 215, 15),
(16, 'F', 4, 16, 216, 16),
(17, 'M', 1, 17, 217, 17),
(18, 'F', 2, 18, 218, 18),
(19, 'M', 3, 19, 219, 19),
(20, 'F', 4, 20, 220, 20),
(21, 'M',1, 21, 221, 21),
(22, 'F', 2, 22, 222, 22),
(23, 'M', 3, 23, 223, 23),
(24, 'F', 4, 24, 224, 24),
(25, 'M', 1, 25, 225, 25),
(26, 'F', 2, 26, 226, 26),
(27, 'M', 3, 27, 227, 27),
(28, 'F', 4, 28, 228, 28),
(29, 'M', 1, 29, 229, 29),
(30, 'F', 2, 30, 230, 30),
(31, 'M', 1, 31, 231, 31),
(32, 'F', 4, 32, 232, 32),
(33, 'M', 1, 33, 233, 33),
(34, 'F', 2, 34, 234, 34),
(35, 'M', 3, 35, 235, 35),
(36, 'F', 4, 36, 236, 36),
(37, 'M', 1, 37, 237, 37),
(38, 'F', 2, 38, 238, 38),
(39, 'M', 3, 39, 239, 39),
(40, 'F', 4, 40, 240, 40),
(41, 'M', 1, 41, 241, 41),
(42, 'F', 2, 42, 242, 42),
(43, 'M', 3, 43, 243, 43),
(44, 'F', 4, 44, 244, 44),
(45, 'M', 1, 45, 245, 45),
(46, 'F', 2, 46, 246, 46),
(47, 'M', 3, 47, 247, 47),
(48, 'F', 4, 48, 248, 48),
(49, 'M', 1, 49, 249, 49),
(50, 'F', 2, 50, 250, 50),
(51, 'M', 3, 51, 251, 51),
(52, 'F', 4, 52, 252, 52),
(53, 'M', 1, 53, 253, 53),
(54, 'F', 2, 54, 254, 54),
(55, 'M', 3, 55, 255, 55),
(56, 'F', 4, 56, 256, 56),
(57, 'M', 1, 57, 257, 57),
(58, 'F', 2, 58, 258, 58),
(59, 'M', 3, 59, 259, 59),
(60, 'F', 4, 60, 260, 60);



INSERT INTO land (land_id, land_type)
VALUES
(201, 'Agricultural'),
(202, 'Residential'),
(203, 'Commercial'),
(204, 'Industrial'),
(205, 'Pasture'),
(206, 'Forest'),
(207, 'Wetland'),
(208, 'Mountain'),
(209, 'Desert'),
(210, 'Grassland'),
(211, 'Floodplain'),
(212, 'Marsh'),
(213, 'Coastal'),
(214, 'Riverbank'),
(215, 'Hill'),
(216, 'Savannah'),
(217, 'Tundra'),
(218, 'Swamp'),
(219, 'Plains'),
(220, 'Steppe'),
(221, 'Vineyard'),
(222, 'Orchard'),
(223, 'Parkland'),
(224, 'Cropland'),
(225, 'Rangeland'),
(226, 'Wetlands'),
(227, 'Arable'),
(228, 'Grazing'),
(229, 'Pine Forest'),
(230, 'Deciduous Forest'),
(231, 'Tropical Rainforest'),
(232, 'Temperate Forest'),
(233, 'Boreal Forest'),
(234, 'Subtropical Forest'),
(235, 'Mangrove'),
(236, 'Cemetery'),
(237, 'Exurban'),
(238, 'Agricultural Land'),
(239, 'Mining Site'),
(240, 'Hydroelectric Dam'),
(241, 'Solar Farm'),
(242, 'Wind Farm'),
(243, 'Reservoir'),
(244, 'Fishing Area'),
(245, 'Pastureland'),
(246, 'Golf Course'),
(247, 'Nature Reserve'),
(248, 'Biofuel Plant'),
(249, 'Recreation Area'),
(250, 'Construction Site'),
(251, 'Research Area'),
(252, 'Urban Park'),
(253, 'Wildlife Habitat'),
(254, 'Greenhouse'),
(255, 'Botanical Garden'),
(256, 'Paddock'),
(257, 'Silo Area'),
(258, 'Livestock Grazing Area'),
(259, 'Aquaculture Area'),
(260, 'Agricultural Research Facility');



INSERT INTO warehouse (C_id, Amount)
VALUES
(1, 'Location A'),
(2, 'Location B'),
(3, 'Location C'),
(4, 'Location D'),
(5, 'Location E'),
(6, 'Location F'),
(7, 'Location G'),
(8, 'Location H'),
(9, 'Location I'),
(10, 'Location J'),
(11, 'Location K'),
(12, 'Location L'),
(13, 'Location M'),
(14, 'Location N'),
(15, 'Location O'),
(16, 'Location P'),
(17, 'Location Q'),
(18, 'Location R'),
(19, 'Location S'),
(20, 'Location T')
(21, 'Location U'),
(22, 'Location V'),
(23, 'Location W'),
(24, 'Location X'),
(25, 'Location Y'),
(26, 'Location Z'),
(27, 'Location AA'),
(28, 'Location AB'),
(29, 'Location AC'),
(30, 'Location AD'),
(31, 'Location AE'),
(32, 'Location AF'),
(33, 'Location AG'),
(34, 'Location AH'),
(35, 'Location AI'),
(36, 'Location AJ'),
(37, 'Location AK'),
(38, 'Location AL'),
(39, 'Location AM'),
(40, 'Location AN'),
(541, 'Location AO'),
(42, 'Location AP'),
(43, 'Location AQ'),
(44, 'Location AR'),
(45, 'Location AS'),
(46, 'Location AT'),
(47, 'Location AU'),
(48, 'Location AV'),
(49, 'Location AW'),
(50, 'Location AX'),
(51, 'Location AY'),
(52, 'Location AZ'),
(53, 'Location BA'),
(54, 'Location BB'),
(55, 'Location BC'),
(56, 'Location BD'),
(57, 'Location BE'),
(58, 'Location BF'),
(59, 'Location BG'),
(60, 'Location BH'),
(61, 'Location BI'),
(62, 'Location BJ'),
(63, 'Location BK'),
(64, 'Location BL'),
(65, 'Location BM'),
(66, 'Location BN'),
(67, 'Location BO'),
(68, 'Location BP'),
(69, 'Location BQ'),
(70, 'Location BR'),
(71, 'Location BS'),
(72, 'Location BT'),
(73, 'Location BU'),
(74, 'Location BV'),
(75, 'Location BW'),
(76, 'Location BX'),
(77, 'Location BY'),
(78, 'Location BZ'),
(79, 'Location CA'),
(80, 'Location CB'),
(81, 'Location CC'),
(82, 'Location CD'),
(83, 'Location CE'),
(84, 'Location CF'),
(85, 'Location CG'),
(86, 'Location CH'),
(87, 'Location CI'),
(88, 'Location CJ'),
(89, 'Location CK'),
(90, 'Location CL'),
(91, 'Location CM'),
(92, 'Location CN'),
(93, 'Location CO'),
(94, 'Location CP'),
(95, 'Location CQ'),
(96, 'Location CR'),
(97, 'Location CS'),
(98, 'Location CT'),
(99, 'Location CU'),
(60, 'Location CV');


INSERT INTO Seeds (S_id, S_name, Category, Amount, Surid, land_id)
VALUES
(1, 'Wheat', 'Cereal', 1000, 101, 201),
(2, 'Corn', 'Cereal', 1200, 102, 202),
(3, 'Rice', 'Cereal', 1500, 103, 203),
(4, 'Barley', 'Cereal', 800, 104, 204),
(5, 'Soybean', 'Legume', 1300, 105, 205),
(6, 'Peas', 'Legume', 1100, 106, 206),
(7, 'Alfalfa', 'Forage', 950, 107, 207),
(8, 'Sugarcane', 'Sugar Crop', 2000, 108, 208),
(9, 'Cotton', 'Fiber Crop', 1500, 109, 209),
(10, 'Sunflower', 'Oilseed', 1800, 110, 210),
(11, 'Olives', 'Fruit', 2200, 111, 211),
(12, 'Apples', 'Fruit', 3000, 112, 212),
(13, 'Pears', 'Fruit', 2500, 113, 213),
(14, 'Grapes', 'Fruit', 3500, 114, 214),
(15, 'Tomatoes', 'Vegetable', 1200, 115, 215),
(16, 'Carrots', 'Vegetable', 1300, 116, 216),
(17, 'Potatoes', 'Vegetable', 2000, 117, 217),
(18, 'Cabbage', 'Vegetable', 1400, 118, 218),
(19, 'Lettuce', 'Vegetable', 1600, 119, 219),
(20, 'Peppers', 'Vegetable', 1700, 120, 220),
(21, 'Chili', 'Vegetable', 900, 121, 221),
(22, 'Garlic', 'Herb', 700, 122, 222),
(23, 'Onions', 'Vegetable', 2100, 123, 223),
(24, 'Ginger', 'Herb', 800, 124, 224),
(25, 'Lemon', 'Citrus', 2300, 125, 225),
(26, 'Oranges', 'Citrus', 2600, 126, 226),
(27, 'Mandarins', 'Citrus', 2400, 127, 227),
(28, 'Pineapple', 'Tropical Fruit', 3200, 128, 228),
(29, 'Bananas', 'Tropical Fruit', 2800, 129, 229),
(30, 'Papaya', 'Tropical Fruit', 1500, 130, 230),
(31, 'Avocado', 'Fruit', 2700, 131, 231),
(32, 'Mango', 'Tropical Fruit', 1900, 132, 232),
(33, 'Pine Nut', 'Nut', 1200, 133, 233),
(34, 'Almond', 'Nut', 1100, 134, 234),
(35, 'Cashew', 'Nut', 1000, 135, 235),
(36, 'Walnut', 'Nut', 800, 136, 236),
(37, 'Hazelnut', 'Nut', 600, 137, 237),
(38, 'Chestnut', 'Nut', 700, 138, 238),
(39, 'Pumpkin', 'Vegetable', 1500, 139, 239),
(40, 'Zucchini', 'Vegetable', 1600, 140, 240),
(41, 'Eggplant', 'Vegetable', 1800, 141, 241),
(42, 'Squash', 'Vegetable', 1400, 142, 242),
(43, 'Cucumber', 'Vegetable', 1700, 143, 243),
(44, 'Watermelon', 'Fruit', 2300, 144, 244),
(45, 'Melon', 'Fruit', 2100, 145, 245),
(46, 'Cantaloupe', 'Fruit', 2200, 146, 246),
(47, 'Strawberries', 'Berry', 1800, 147, 247),
(48, 'Blueberries', 'Berry', 1600, 148, 248),
(49, 'Raspberries', 'Berry', 1400, 149, 249),
(50, 'Blackberries', 'Berry', 1500, 150, 250),
(51, 'Cranberries', 'Berry', 1300, 151, 251),
(52, 'Gooseberries', 'Berry', 900, 152, 252),
(53, 'Mulberries', 'Berry', 800, 153, 253),
(54, 'Ginseng', 'Herb', 400, 154, 254),
(55, 'Lavender', 'Herb', 300, 155, 255),
(56, 'Rosemary', 'Herb', 500, 156, 256),
(57, 'Sage', 'Herb', 600, 157, 257),
(58, 'Thyme', 'Herb', 700, 158, 258),
(59, 'Oregano', 'Herb', 800, 159, 259),
(60, 'Basil', 'Herb', 1000, 160, 260);



INSERT INTO Fodder (Fo_id, Amount, Ma_id, Location, C_id)
VALUES
(1, 500, 1, 'New York', 1),
(2, 600, 2, 'Los Angeles', 2),
(3, 700, 3, 'Chicago', 3),
(4, 800, 4, 'Houston', 4),
(5, 900, 5, 'Phoenix', 5),
(6, 1000, 6, 'Philadelphia', 6),
(7, 1100, 7, 'San Antonio', 7),
(8, 1200, 8, 'San Diego', 8),
(9, 1300, 9, 'Dallas', 9),
(10, 1400, 10, 'San Jose', 10),
(11, 1500, 11, 'Austin', 11),
(12, 1600, 12, 'Jacksonville', 12),
(13, 1700, 13, 'Fort Worth', 13),
(14, 1800, 14, 'Columbus', 14),
(15, 1900, 15, 'Charlotte', 15),
(16, 2000, 16, 'Indianapolis', 16),
(17, 2100, 17, 'Seattle', 17),
(18, 2200, 18, 'Denver', 18),
(19, 2300, 19, 'Washington', 19),
(20, 2400, 20, 'Boston', 20),
(21, 2500, 21, 'El Paso', 21),
(22, 2600, 22, 'Detroit', 22),
(23, 2700, 23, 'Nashville', 23),
(24, 2800, 24, 'Portland', 24),
(25, 2900, 25, 'Memphis', 25),
(26, 3000, 26, 'Oklahoma City', 26),
(27, 3100, 27, 'Las Vegas', 27),
(28, 3200, 28, 'Louisville', 28),
(29, 3300, 29, 'Baltimore', 29),
(30, 3400, 30, 'Milwaukee', 30),
(31, 3500, 31, 'Albuquerque', 31),
(32, 3600, 32, 'Tucson', 32),
(33, 3700, 33, 'Fresno', 33),
(34, 3800, 34, 'Mesa', 34),
(35, 3900, 35, 'Sacramento', 35),
(36, 4000, 36, 'Kansas City', 36),
(37, 4100, 37, 'Long Beach', 37),
(38, 4200, 38, 'Atlanta', 38),
(39, 4300, 39, 'St. Louis', 39),
(40, 4400, 40, 'Riverside', 40),
(41, 4500, 41, 'Cleveland', 41),
(42, 4600, 42, 'Bakersfield', 42),
(43, 4700, 43, 'Tampa', 43),
(44, 4800, 44, 'New Orleans', 44),
(45, 4900, 45, 'Wichita', 45),
(46, 5000, 46, 'Arlington', 46),
(47, 5100, 47, 'Aurora', 47),
(48, 5200, 48, 'Beaumont', 48),
(49, 5300, 49, 'San Bernardino', 49),
(50, 5400, 50, 'Chula Vista', 50),
(51, 5500, 51, 'St. Paul', 51),
(52, 5600, 52, 'Laredo', 52),
(53, 5700, 53, 'Madison', 53),
(54, 5800, 54, 'Gilbert', 54),
(55, 5900, 55, 'Irving', 55),
(56, 6000, 56, 'Hialeah', 56),
(57, 6100, 57, 'Richmond', 57),
(58, 6200, 58, 'Chesapeake', 58),
(59, 6300, 59, 'Garland', 59),
(60, 6400, 60, 'Scottsdale', 60);



INSERT INTO anemal_prodact (id_prodacts, type_prodacts, Ma_id, w_location, C_id)
VALUES
(1, 'Fertilizer', 1, 'New York', 1),
(2, 'Seeds', 2, 'Los Angeles', 2),
(3, 'Pesticides', 3, 'Chicago', 3),
(4, 'Machinery Parts', 4, 'Houston', 4),
(5, 'Irrigation Tools', 5, 'Phoenix', 5),
(6, 'Harvest Equipment', 6, 'Philadelphia', 6),
(7, 'Greenhouse Materials', 7, 'San Antonio', 7),
(8, 'Farming Tools', 8, 'San Diego', 8),
(9, 'Soil Testing Kits', 9, 'Dallas', 9),
(10, 'Animal Feed', 10, 'San Jose', 10),
(11, 'Organic Fertilizer', 11, 'Austin', 11),
(12, 'Tractor Accessories', 12, 'Jacksonville', 12),
(13, 'Crop Protection', 13, 'Fort Worth', 13),
(14, 'Harvest Bins', 14, 'Columbus', 14),
(15, 'Water Pumps', 15, 'Charlotte', 15),
(16, 'Compost', 16, 'Indianapolis', 16),
(17, 'Farm Fencing', 17, 'Seattle', 17),
(18, 'Plant Pots', 18, 'Denver', 18),
(19, 'Herbicide', 19, 'Washington', 19),
(20, 'Sprinkler Systems', 20, 'Boston', 20),
(21, 'Hay', 21, 'El Paso', 21),
(22, 'Shovels', 22, 'Detroit', 22),
(23, 'Tractor Tires', 23, 'Nashville', 23),
(24, 'Garden Nets', 24, 'Portland', 24),
(25, 'Animal Care Kits', 25, 'Memphis', 25),
(26, 'Drip Irrigation', 26, 'Oklahoma City', 26),
(27, 'Safety Gear', 27, 'Las Vegas', 27),
(28, 'Farm Lights', 28, 'Louisville', 28),
(29, 'Weed Killer', 29, 'Baltimore', 29),
(30, 'Crop Storage Bags', 30, 'Milwaukee', 30),
(31, 'Seedlings', 31, 'Albuquerque', 31),
(32, 'Tractor Fuel', 32, 'Tucson', 32),
(33, 'Solar Panels', 33, 'Fresno', 33),
(34, 'Compost Bins', 34, 'Mesa', 34),
(35, 'Beehives', 35, 'Sacramento', 35),
(36, 'Farming Manuals', 36, 'Kansas City', 36),
(37, 'Wind Turbines', 37, 'Long Beach', 37),
(38, 'Crop Transport Boxes', 38, 'Atlanta', 38),
(39, 'Farm Vehicles', 39, 'St. Louis', 39),
(40, 'Livestock Care Kits', 40, 'Riverside', 40),
(41, 'Worm Compost', 41, 'Cleveland', 41),
(42, 'Aquaponic Supplies', 42, 'Bakersfield', 42),
(43, 'Fish Food', 43, 'Tampa', 43),
(44, 'Egg Incubators', 44, 'New Orleans', 44),
(45, 'Greenhouse Lights', 45, 'Wichita', 45),
(46, 'Irrigation Filters', 46, 'Arlington', 46),
(47, 'Farm Tents', 47, 'Aurora', 47),
(48, 'Crop Sensors', 48, 'Beaumont', 48),
(49, 'Water Tanks', 49, 'San Bernardino', 49),
(50, 'Seed Storage', 50, 'Chula Vista', 50),
(51, 'Animal Vaccines', 51, 'St. Paul', 51),
(52, 'Bio Pesticides', 52, 'Laredo', 52),
(53, 'Solar Dryers', 53, 'Madison', 53),
(54, 'Irrigation Nozzles', 54, 'Gilbert', 54),
(55, 'Bio Fertilizers', 55, 'Irving', 55),
(56, 'Hydroponic Trays', 56, 'Hialeah', 56),
(57, 'Windbreak Nets', 57, 'Richmond', 57),
(58, 'Harvest Scales', 58, 'Chesapeake', 58),
(59, 'Compost Starters', 59, 'Garland', 59),
(60, 'Rain Gauges', 60, 'Scottsdale', 60);



INSERT INTO w_location (c_id, w_location)
VALUES
(1, 'New York'),
(2, 'Los Angeles'),
(3, 'Chicago'),
(4, 'Houston'),
(5, 'Phoenix'),
(6, 'Philadelphia'),
(7, 'San Antonio'),
(8, 'San Diego'),
(9, 'Dallas'),
(10, 'San Jose'),
(11, 'Austin'),
(12, 'Jacksonville'),
(13, 'Fort Worth'),
(14, 'Columbus'),
(15, 'Charlotte'),
(16, 'Indianapolis'),
(17, 'Seattle'),
(18, 'Denver'),
(19, 'Washington'),
(20, 'Boston'),
(21, 'El Paso'),
(22, 'Detroit'),
(23, 'Nashville'),
(24, 'Portland'),
(25, 'Memphis'),
(26, 'Oklahoma City'),
(27, 'Las Vegas'),
(28, 'Louisville'),
(29, 'Baltimore'),
(30, 'Milwaukee'),
(31, 'Albuquerque'),
(32, 'Tucson'),
(33, 'Fresno'),
(34, 'Mesa'),
(35, 'Sacramento'),
(36, 'Kansas City'),
(37, 'Atlanta'),
(38, 'Miami'),
(39, 'Raleigh'),
(40, 'Omaha'),
(41, 'Long Beach'),
(42, 'Virginia Beach'),
(43, 'Oakland'),
(44, 'Minneapolis'),
(45, 'Tulsa'),
(46, 'Arlington'),
(47, 'Tampa'),
(48, 'New Orleans'),
(49, 'Wichita'),
(50, 'Bakersfield'),
(51, 'Aurora'),
(52, 'Anaheim'),
(53, 'Santa Ana'),
(54, 'Corpus Christi'),
(55, 'Riverside');



INSERT INTO pesticide (P_id, P_name, Category, Amount, Sup_id)
VALUES
(1, 'Herbicide A', 'Weed Control', 100, 10),
(2, 'Insecticide B', 'Pest Control', 200, 11),
(3, 'Fungicide C', 'Fungal Control', 150, 12),
(4, 'Rodenticide D', 'Rodent Control', 180, 13),
(5, 'Herbicide E', 'Weed Control', 120, 14),
(6, 'Insecticide F', 'Pest Control', 170, 15),
(7, 'Fungicide G', 'Fungal Control', 220, 16),
(8, 'Rodenticide H', 'Rodent Control', 250, 17),
(9, 'Herbicide I', 'Weed Control', 300, 18),
(10, 'Insecticide J', 'Pest Control', 270, 19),
(11, 'Fungicide K', 'Fungal Control', 320, 20),
(12, 'Rodenticide L', 'Rodent Control', 350, 21),
(13, 'Herbicide M', 'Weed Control', 140, 22),
(14, 'Insecticide N', 'Pest Control', 190, 23),
(15, 'Fungicide O', 'Fungal Control', 230, 24),
(16, 'Rodenticide P', 'Rodent Control', 210, 25),
(17, 'Herbicide Q', 'Weed Control', 240, 26),
(18, 'Insecticide R', 'Pest Control', 260, 27),
(19, 'Fungicide S', 'Fungal Control', 280, 28),
(20, 'Rodenticide T', 'Rodent Control', 310, 29),
(21, 'Herbicide U', 'Weed Control', 330, 30),
(22, 'Insecticide V', 'Pest Control', 340, 31),
(23, 'Fungicide W', 'Fungal Control', 360, 32),
(24, 'Rodenticide X', 'Rodent Control', 370, 33),
(25, 'Herbicide Y', 'Weed Control', 380, 34),
(26, 'Insecticide Z', 'Pest Control', 400, 35),
(27, 'Fungicide AA', 'Fungal Control', 410, 36),
(28, 'Rodenticide BB', 'Rodent Control', 420, 37),
(29, 'Herbicide CC', 'Weed Control', 430, 38),
(30, 'Insecticide DD', 'Pest Control', 440, 39),
(31, 'Fungicide EE', 'Fungal Control', 450, 40),
(32, 'Rodenticide FF', 'Rodent Control', 460, 41),
(33, 'Herbicide GG', 'Weed Control', 470, 42),
(34, 'Insecticide HH', 'Pest Control', 480, 43),
(35, 'Fungicide II', 'Fungal Control', 490, 44),
(36, 'Rodenticide JJ', 'Rodent Control', 500, 45),
(37, 'Herbicide KK', 'Weed Control', 510, 46),
(38, 'Insecticide LL', 'Pest Control', 520, 47),
(39, 'Fungicide MM', 'Fungal Control', 530, 48),
(40, 'Rodenticide NN', 'Rodent Control', 540, 49),
(41, 'Herbicide OO', 'Weed Control', 550, 50),
(42, 'Insecticide PP', 'Pest Control', 560, 51),
(43, 'Fungicide QQ', 'Fungal Control', 570, 52),
(44, 'Rodenticide RR', 'Rodent Control', 580, 53),
(45, 'Herbicide SS', 'Weed Control', 590, 54),
(46, 'Insecticide TT', 'Pest Control', 600, 55),
(47, 'Fungicide UU', 'Fungal Control', 610, 56),
(48, 'Rodenticide VV', 'Rodent Control', 620, 57),
(49, 'Herbicide WW', 'Weed Control', 630, 58),
(50, 'Insecticide XX', 'Pest Control', 640, 59),
(51, 'Fungicide YY', 'Fungal Control', 650, 60),
(52, 'Rodenticide ZZ', 'Rodent Control', 660, 61),
(53, 'Herbicide AAA', 'Weed Control', 670, 62),
(54, 'Insecticide BBB', 'Pest Control', 680, 63),
(55, 'Fungicide CCC', 'Fungal Control', 690, 64);



INSERT INTO crops (C_id, C_name, C_category, Amount, F_id, Ma_id)
VALUES
(1, 'Wheat', 'Grain', 1200, 1, 101),
(2, 'Rice', 'Grain', 1400, 2, 102),
(3, 'Corn', 'Grain', 1600, 3, 103),
(4, 'Soybean', 'Legume', 1800, 4, 104),
(5, 'Barley', 'Grain', 1500, 1, 101),
(6, 'Sugarcane', 'Cash Crop', 1900, 2, 102),
(7, 'Cotton', 'Cash Crop', 2100, 3, 103),
(8, 'Potato', 'Vegetable', 1700, 4, 104),
(9, 'Tomato', 'Vegetable', 1300, 1, 101),
(10, 'Onion', 'Vegetable', 1200, 2, 102),
(11, 'Carrot', 'Vegetable', 1400, 3, 103),
(12, 'Pepper', 'Vegetable', 1600, 4, 104),
(13, 'Garlic', 'Herb', 1100, 1, 101),
(14, 'Ginger', 'Herb', 1300, 2, 102),
(15, 'Mint', 'Herb', 1500, 3, 103),
(16, 'Lettuce', 'Leafy', 1000, 4, 104),
(17, 'Spinach', 'Leafy', 1100, 1, 101),
(18, 'Cabbage', 'Leafy', 1200, 2, 102),
(19, 'Apple', 'Fruit', 1400, 3, 103),
(20, 'Banana', 'Fruit', 1600, 4, 104),
(21, 'Mango', 'Fruit', 1500, 1, 101),
(22, 'Orange', 'Fruit', 1700, 2, 102),
(23, 'Papaya', 'Fruit', 1800, 3, 103),
(24, 'Peach', 'Fruit', 1900, 4, 104),
(25, 'Grapes', 'Fruit', 2000, 1, 101),
(26, 'Pineapple', 'Fruit', 2100, 2, 102),
(27, 'Strawberry', 'Fruit', 2200, 3, 103),
(28, 'Blueberry', 'Fruit', 2300, 4, 104),
(29, 'Raspberry', 'Fruit', 2400, 1, 101),
(30, 'Cherry', 'Fruit', 2500, 2, 102),
(31, 'Melon', 'Fruit', 2600, 3, 103),
(32, 'Pumpkin', 'Vegetable', 2700, 4, 104),
(33, 'Cucumber', 'Vegetable', 2800, 1, 101),
(34, 'Zucchini', 'Vegetable', 2900, 2, 102),
(35, 'Radish', 'Vegetable', 3000, 3, 103),
(36, 'Beetroot', 'Vegetable', 3100, 4, 104),
(37, 'Parsley', 'Herb', 3200, 1, 101),
(38, 'Basil', 'Herb', 3300, 2, 102),
(39, 'Thyme', 'Herb', 3400, 3, 103),
(40, 'Rosemary', 'Herb', 3500, 4, 104),
(41, 'Chili', 'Spice', 3600, 1, 101),
(42, 'Turmeric', 'Spice', 3700, 2, 102),
(43, 'Clove', 'Spice', 3800, 3, 103),
(44, 'Cinnamon', 'Spice', 3900, 4, 104),
(45, 'Cardamom', 'Spice', 4000, 1, 101),
(46, 'Peppercorn', 'Spice', 4100, 2, 102),
(47, 'Oregano', 'Herb', 4200, 3, 103),
(48, 'Dill', 'Herb', 4300, 4, 104),
(49, 'Chives', 'Herb', 4400, 1, 101),
(50, 'Bay Leaf', 'Herb', 4500, 2, 102),
(51, 'Mustard', 'Seed', 4600, 3, 103),
(52, 'Fenugreek', 'Seed', 4700, 4, 104);


INSERT INTO fodder (Fo_id, Amount, Ma_id, Location, C_id)
VALUES
(1, 500, 1, 'North Storage', 1),
(2, 600, 2, 'East Storage', 2),
(3, 700, 3, 'West Storage', 3),
(4, 550, 4, 'Central Storage', 4),
(5, 620, 5, 'South Storage', 5),
(6, 580, 1, 'North Storage', 6),
(7, 490, 2, 'East Storage', 7),
(8, 520, 3, 'West Storage', 8),
(9, 610, 4, 'Central Storage', 9),
(10, 570, 5, 'South Storage', 10),
(11, 680, 1, 'North Storage', 11),
(12, 590, 2, 'East Storage', 12),
(13, 600, 3, 'West Storage', 13),
(14, 510, 4, 'Central Storage', 14),
(15, 530, 5, 'South Storage', 15),
(16, 540, 1, 'North Storage', 16),
(17, 620, 2, 'East Storage', 17),
(18, 560, 3, 'West Storage', 18),
(19, 490, 4, 'Central Storage', 19),
(20, 570, 5, 'South Storage', 20),
(21, 600, 1, 'North Storage', 21),
(22, 610, 2, 'East Storage', 22),
(23, 580, 3, 'West Storage', 23),
(24, 540, 4, 'Central Storage', 24),
(25, 550, 5, 'South Storage', 25),
(26, 590, 1, 'North Storage', 26),
(27, 560, 2, 'East Storage', 27),
(28, 530, 3, 'West Storage', 28),
(29, 540, 4, 'Central Storage', 29),
(30, 600, 5, 'South Storage', 30),
(31, 620, 1, 'North Storage', 31),
(32, 580, 2, 'East Storage', 32),
(33, 610, 3, 'West Storage', 33),
(34, 520, 4, 'Central Storage', 34),
(35, 510, 5, 'South Storage', 35),
(36, 550, 1, 'North Storage', 36),
(37, 560, 2, 'East Storage', 37),
(38, 530, 3, 'West Storage', 38),
(39, 580, 4, 'Central Storage', 39),
(40, 540, 5, 'South Storage', 40),
(41, 610, 1, 'North Storage', 41),
(42, 590, 2, 'East Storage', 42),
(43, 620, 3, 'West Storage', 43),
(44, 510, 4, 'Central Storage', 44),
(45, 540, 5, 'South Storage', 45),
(46, 550, 1, 'North Storage', 46),
(47, 570, 2, 'East Storage', 47),
(48, 580, 3, 'West Storage', 48),
(49, 600, 4, 'Central Storage', 49);


INSERT INTO supplier (S_id, S_name, S_sex, S_address, Phone, Email)
VALUES
(1, 'John Smith', 'M', '123 Elm St', 1234567890, 'john.smith@example.com'),
(2, 'Emily Johnson', 'F', '456 Oak Ave', 1234567891, 'emily.johnson@example.com'),
(3, 'Michael Brown', 'M', '789 Pine Rd', 1234567892, 'michael.brown@example.com'),
(4, 'Sarah Davis', 'F', '321 Maple St', 1234567893, 'sarah.davis@example.com'),
(5, 'David Wilson', 'M', '654 Cedar Ave', 1234567894, 'david.wilson@example.com'),
(6, 'Laura Moore', 'F', '987 Birch Rd', 1234567895, 'laura.moore@example.com'),
(7, 'James Taylor', 'M', '159 Spruce St', 1234567896, 'james.taylor@example.com'),
(8, 'Anna Anderson', 'F', '753 Willow Ave', 1234567897, 'anna.anderson@example.com'),
(9, 'Robert Thomas', 'M', '456 Aspen Rd', 1234567898, 'robert.thomas@example.com'),
(10, 'Patricia Jackson', 'F', '678 Cherry St', 1234567899, 'patricia.jackson@example.com'),
(11, 'Daniel White', 'M', '123 Walnut St', 1234567900, 'daniel.white@example.com'),
(12, 'Karen Harris', 'F', '456 Dogwood Ave', 1234567901, 'karen.harris@example.com'),
(13, 'Steven Martin', 'M', '789 Sycamore Rd', 1234567902, 'steven.martin@example.com'),
(14, 'Sophia Martinez', 'F', '321 Chestnut St', 1234567903, 'sophia.martinez@example.com'),
(15, 'Mark Garcia', 'M', '654 Poplar Ave', 1234567904, 'mark.garcia@example.com'),
(16, 'Lisa Rodriguez', 'F', '987 Magnolia Rd', 1234567905, 'lisa.rodriguez@example.com'),
(17, 'Brian Clark', 'M', '159 Palm St', 1234567906, 'brian.clark@example.com'),
(18, 'Megan Lewis', 'F', '753 Cypress Ave', 1234567907, 'megan.lewis@example.com'),
(19, 'Kevin Walker', 'M', '456 Hickory Rd', 1234567908, 'kevin.walker@example.com'),
(20, 'Emma Hall', 'F', '678 Alder St', 1234567909, 'emma.hall@example.com'),
(21, 'Ethan Young', 'M', '123 Redwood St', 1234567910, 'ethan.young@example.com'),
(22, 'Olivia King', 'F', '456 Maplewood Ave', 1234567911, 'olivia.king@example.com'),
(23, 'Jacob Wright', 'M', '789 Sandalwood Rd', 1234567912, 'jacob.wright@example.com'),
(24, 'Ava Scott', 'F', '321 Hawthorn St', 1234567913, 'ava.scott@example.com'),
(25, 'Henry Green', 'M', '654 Baywood Ave', 1234567914, 'henry.green@example.com'),
(26, 'Isabella Adams', 'F', '987 Redwood Rd', 1234567915, 'isabella.adams@example.com'),
(27, 'Joshua Nelson', 'M', '159 Sequoia St', 1234567916, 'joshua.nelson@example.com'),
(28, 'Grace Carter', 'F', '753 Fir Ave', 1234567917, 'grace.carter@example.com'),
(29, 'Ryan Perez', 'M', '456 Douglas Rd', 1234567918, 'ryan.perez@example.com'),
(30, 'Zoe Murphy', 'F', '678 Redwood St', 1234567919, 'zoe.murphy@example.com'),
(31, 'Noah Reed', 'M', '123 Aspen Ave', 1234567920, 'noah.reed@example.com'),
(32, 'Lily Bailey', 'F', '456 Pinewood Rd', 1234567921, 'lily.bailey@example.com'),
(33, 'Mason Cooper', 'M', '789 Willow St', 1234567922, 'mason.cooper@example.com'),
(34, 'Ella Rivera', 'F', '321 Redwood Ave', 1234567923, 'ella.rivera@example.com'),
(35, 'Lucas Richardson', 'M', '654 Cedarwood Rd', 1234567924, 'lucas.richardson@example.com'),
(36, 'Chloe Watson', 'F', '987 Firwood St', 1234567925, 'chloe.watson@example.com'),
(37, 'Alexander Brooks', 'M', '159 Hickory Ave', 1234567926, 'alexander.brooks@example.com'),
(38, 'Victoria Kelly', 'F', '753 Elmwood Rd', 1234567927, 'victoria.kelly@example.com'),
(39, 'Samuel Howard', 'M', '456 Sprucewood St', 1234567928, 'samuel.howard@example.com'),
(40, 'Abigail Ward', 'F', '678 Palmwood Ave', 1234567929, 'abigail.ward@example.com'),
(41, 'Nathan Torres', 'M', '123 Poplarwood Rd', 1234567930, 'nathan.torres@example.com'),
(42, 'Sofia Lee', 'F', '456 Redwoodwood St', 1234567931, 'sofia.lee@example.com'),
(43, 'Owen Phillips', 'M', '789 Cherrywood Ave', 1234567932, 'owen.phillips@example.com'),
(44, 'Amelia Bennett', 'F', '321 Dogwoodwood Rd', 1234567933, 'amelia.bennett@example.com'),
(45, 'Jack Evans', 'M', '654 Maplewood St', 1234567934, 'jack.evans@example.com'),
(46, 'Mia Sanchez', 'F', '987 Pinewood Ave', 1234567935, 'mia.sanchez@example.com'),
(47, 'Logan Gonzalez', 'M', '159 Cedarwood Rd', 1234567936, 'logan.gonzalez@example.com'),
(48, 'Hannah Ramirez', 'F', '753 Birchwood St', 1234567937, 'hannah.ramirez@example.com'),
(49, 'William Edwards', 'M', '456 Alderwood Ave', 1234567938, 'william.edwards@example.com'),
(50, 'Natalie Torres', 'F', '678 Chestnutwood Rd', 1234567939, 'natalie.torres@example.com');


INSERT INTO merchant (M_id, M_name, M_sex, M_bank_account, Phone, Email, C_id)
VALUES
(1, 'John Smith', 'M', 123456, 1234567890, 'john.smith@example.com', 1),
(2, 'Emily Johnson', 'F', 234567, 1234567891, 'emily.johnson@example.com', 2),
(3, 'Michael Brown', 'M', 345678, 1234567892, 'michael.brown@example.com', 3),
(4, 'Sarah Davis', 'F', 456789, 1234567893, 'sarah.davis@example.com', 1),
(5, 'David Wilson', 'M', 567890, 1234567894, 'david.wilson@example.com', 2),
(6, 'Laura Moore', 'F', 678901, 1234567895, 'laura.moore@example.com', 3),
(7, 'James Taylor', 'M', 789012, 1234567896, 'james.taylor@example.com', 1),
(8, 'Anna Anderson', 'F', 890123, 1234567897, 'anna.anderson@example.com', 2),
(9, 'Robert Thomas', 'M', 901234, 1234567898, 'robert.thomas@example.com', 3),
(10, 'Patricia Jackson', 'F', 112233, 1234567899, 'patricia.jackson@example.com', 1),
(11, 'Daniel White', 'M', 223344, 1234567900, 'daniel.white@example.com', 2),
(12, 'Karen Harris', 'F', 334455, 1234567901, 'karen.harris@example.com', 3),
(13, 'Steven Martin', 'M', 445566, 1234567902, 'steven.martin@example.com', 1),
(14, 'Sophia Martinez', 'F', 556677, 1234567903, 'sophia.martinez@example.com', 2),
(15, 'Mark Garcia', 'M', 667788, 1234567904, 'mark.garcia@example.com', 3),
(16, 'Lisa Rodriguez', 'F', 778899, 1234567905, 'lisa.rodriguez@example.com', 1),
(17, 'Brian Clark', 'M', 889900, 1234567906, 'brian.clark@example.com', 2),
(18, 'Megan Lewis', 'F', 990011, 1234567907, 'megan.lewis@example.com', 3),
(19, 'Kevin Walker', 'M', 101112, 1234567908, 'kevin.walker@example.com', 1),
(20, 'Emma Hall', 'F', 121314, 1234567909, 'emma.hall@example.com', 2),
(21, 'Ethan Young', 'M', 131415, 1234567910, 'ethan.young@example.com', 3),
(22, 'Olivia King', 'F', 141516, 1234567911, 'olivia.king@example.com', 1),
(23, 'Jacob Wright', 'M', 151617, 1234567912, 'jacob.wright@example.com', 2),
(24, 'Ava Scott', 'F', 161718, 1234567913, 'ava.scott@example.com', 3),
(25, 'Henry Green', 'M', 171819, 1234567914, 'henry.green@example.com', 1),
(26, 'Isabella Adams', 'F', 181920, 1234567915, 'isabella.adams@example.com', 2),
(27, 'Joshua Nelson', 'M', 192021, 1234567916, 'joshua.nelson@example.com', 3),
(28, 'Grace Carter', 'F', 202122, 1234567917, 'grace.carter@example.com', 1),
(29, 'Ryan Perez', 'M', 212223, 1234567918, 'ryan.perez@example.com', 2),
(30, 'Zoe Murphy', 'F', 222324, 1234567919, 'zoe.murphy@example.com', 3),
(31, 'Noah Reed', 'M', 232425, 1234567920, 'noah.reed@example.com', 1),
(32, 'Lily Bailey', 'F', 242526, 1234567921, 'lily.bailey@example.com', 2),
(33, 'Mason Cooper', 'M', 252627, 1234567922, 'mason.cooper@example.com', 3),
(34, 'Ella Rivera', 'F', 262728, 1234567923, 'ella.rivera@example.com', 1),
(35, 'Lucas Richardson', 'M', 272829, 1234567924, 'lucas.richardson@example.com', 2),
(36, 'Chloe Watson', 'F', 282930, 1234567925, 'chloe.watson@example.com', 3),
(37, 'Alexander Brooks', 'M', 293031, 1234567926, 'alexander.brooks@example.com', 1),
(38, 'Victoria Kelly', 'F', 303132, 1234567927, 'victoria.kelly@example.com', 2),
(39, 'Samuel Howard', 'M', 313233, 1234567928, 'samuel.howard@example.com', 3),
(40, 'Abigail Ward', 'F', 323334, 1234567929, 'abigail.ward@example.com', 1),
(41, 'Nathan Torres', 'M', 333435, 1234567930, 'nathan.torres@example.com', 2),
(42, 'Sofia Lee', 'F', 343536, 1234567931, 'sofia.lee@example.com', 3),
(43, 'Owen Phillips', 'M', 353637, 1234567932, 'owen.phillips@example.com', 1),
(44, 'Amelia Bennett', 'F', 363738, 1234567933, 'amelia.bennett@example.com', 2),
(45, 'Jack Evans', 'M', 373839, 1234567934, 'jack.evans@example.com', 3),
(46, 'Mia Sanchez', 'F', 383940, 1234567935, 'mia.sanchez@example.com', 1),
(47, 'Logan Gonzalez', 'M', 394041, 1234567936, 'logan.gonzalez@example.com', 2),
(48, 'Hannah Ramirez', 'F', 404142, 1234567937, 'hannah.ramirez@example.com', 3),
(49, 'William Edwards', 'M', 414243, 1234567938, 'william.edwards@example.com', 1),
(50, 'Natalie Torres', 'F', 424344, 1234567939, 'natalie.torres@example.com', 2);


INSERT INTO collected_from (M_id, F_id, B_id)
VALUES
(1, 1, 1),
(2, 2, 2),
(3, 3, 3),
(4, 4, 4),
(5, 5, 5),
(6, 6, 6),
(7, 7, 7),
(8, 8, 8),
(9, 9, 9),
(10, 10, 10),
(11, 11, 11),
(12, 12, 12),
(13, 13, 13),
(14, 14, 14),
(15, 15, 15),
(16, 16, 16),
(17, 17, 17),
(18, 18, 18),
(19, 19, 19),
(20, 20, 20),
(21, 21, 21),
(22, 22, 22),
(23, 23, 23),
(24, 24, 24),
(25, 25, 25),
(26, 26, 26),
(27, 27, 27),
(28, 28, 28),
(29, 29, 29),
(30, 30, 30),
(31, 31, 31),
(32, 32, 32),
(33, 33, 33),
(34, 34, 34),
(35, 35, 35),
(36, 36, 36),
(37, 37, 37),
(38, 38, 38),
(39, 39, 39),
(40, 40, 40),
(41, 41, 41),
(42, 42, 42),
(43, 43, 43),
(44, 44, 44),
(45, 45, 45),
(46, 46, 46),
(47, 47, 47),
(48, 48, 48),
(49, 49, 49),
(50, 50, 50);


INSERT INTO money_collected (F_id, B_id, Date_of_coll)
VALUES
(1, 1, '2024-01-01'),
(2, 2, '2024-01-05'),
(3, 3, '2024-01-10'),
(4, 4, '2024-01-15'),
(5, 5, '2024-01-20'),
(6, 6, '2024-01-25'),
(7, 7, '2024-01-30'),
(8, 8, '2024-02-01'),
(9, 9, '2024-02-05'),
(10, 10, '2024-02-10'),
(11, 11, '2024-02-15'),
(12, 12, '2024-02-20'),
(13, 13, '2024-02-25'),
(14, 14, '2024-03-01'),
(15, 15, '2024-03-05'),
(16, 16, '2024-03-10'),
(17, 17, '2024-03-15'),
(18, 18, '2024-03-20'),
(19, 19, '2024-03-25'),
(20, 20, '2024-03-30'),
(21, 21, '2024-04-01'),
(22, 22, '2024-04-05'),
(23, 23, '2024-04-10'),
(24, 24, '2024-04-15'),
(25, 25, '2024-04-20'),
(26, 26, '2024-04-25'),
(27, 27, '2024-04-30'),
(28, 28, '2024-05-01'),
(29, 29, '2024-05-05'),
(30, 30, '2024-05-10'),
(31, 31, '2024-05-15'),
(32, 32, '2024-05-20'),
(33, 33, '2024-05-25'),
(34, 34, '2024-05-30'),
(35, 35, '2024-06-01'),
(36, 36, '2024-06-05'),
(37, 37, '2024-06-10'),
(38, 38, '2024-06-15'),
(39, 39, '2024-06-20'),
(40, 40, '2024-06-25'),
(41, 41, '2024-06-30'),
(42, 42, '2024-07-01'),
(43, 43, '2024-07-05'),
(44, 44, '2024-07-10'),
(45, 45, '2024-07-15'),
(46, 46, '2024-07-20'),
(47, 47, '2024-07-25'),
(48, 48, '2024-07-30'),
(49, 49, '2024-08-01'),
(50, 50, '2024-08-05');


INSERT INTO Bank (B_id, B_name)
VALUES
(1, 'Bank of America'),
(2, 'Chase Bank'),
(3, 'Wells Fargo'),
(4, 'Citibank'),
(5, 'HSBC'),
(6, 'Barclays'),
(7, 'Santander'),
(8, 'Goldman Sachs'),
(9, 'Morgan Stanley'),
(10, 'Deutsche Bank'),
(11, 'UBS'),
(12, 'Bank of England'),
(13, 'Royal Bank of Canada'),
(14, 'Toronto Dominion Bank'),
(15, 'Bank of Montreal'),
(16, 'Credit Suisse'),
(17, 'Scotiabank'),
(18, 'BNP Paribas'),
(19, 'Lloyds Bank'),
(20, 'RBC'),
(21, 'ING Bank'),
(22, 'Nomura'),
(23, 'Macquarie Bank'),
(24, 'Standard Chartered'),
(25, 'Danske Bank'),
(26, 'Raiffeisen Bank'),
(27, 'Unicredit'),
(28, 'National Australia Bank'),
(29, 'Westpac Banking Corporation'),
(30, 'ANZ Bank'),
(31, 'Bank of New York Mellon'),
(32, 'Credit Agricole'),
(33, 'China Construction Bank'),
(34, 'Agricultural Bank of China'),
(35, 'Industrial and Commercial Bank of China'),
(36, 'Bank of Tokyo-Mitsubishi UFJ'),
(37, 'Sumitomo Mitsui Trust Bank'),
(38, 'State Bank of India'),
(39, 'Bank of China'),
(40, 'Citi Private Bank'),
(41, 'Pictet & Cie'),
(42, 'Bank of India'),
(43, 'Wells Fargo Private Bank'),
(44, 'JPMorgan Chase'),
(45, 'Royal Bank of Scotland'),
(46, 'First Republic Bank'),
(47, 'Fifth Third Bank'),
(48, 'U.S. Bank'),
(49, 'Regions Bank'),
(50, 'KeyBank');



INSERT INTO Bank_location (B_id, Blocation)
VALUES
(1, 'New York, USA'),
(2, 'London, UK'),
(3, 'San Francisco, USA'),
(4, 'Paris, France'),
(5, 'Hong Kong, China'),
(6, 'Berlin, Germany'),
(7, 'Madrid, Spain'),
(8, 'Sydney, Australia'),
(9, 'Tokyo, Japan'),
(10, 'Zurich, Switzerland'),
(11, 'Toronto, Canada'),
(12, 'Montreal, Canada'),
(13, 'Singapore, Singapore'),
(14, 'Dubai, UAE'),
(15, 'Mumbai, India'),
(16, 'Los Angeles, USA'),
(17, 'Chicago, USA'),
(18, 'Amsterdam, Netherlands'),
(19, 'Rome, Italy'),
(20, 'Moscow, Russia'),
(21, 'Dubai, UAE'),
(22, 'Geneva, Switzerland'),
(23, 'Seoul, South Korea'),
(24, 'Vienna, Austria'),
(25, 'Stockholm, Sweden'),
(26, 'Oslo, Norway'),
(27, 'Copenhagen, Denmark'),
(28, 'Kuala Lumpur, Malaysia'),
(29, 'Jakarta, Indonesia'),
(30, 'Lagos, Nigeria'),
(31, 'Cape Town, South Africa'),
(32, 'Buenos Aires, Argentina'),
(33, 'Lagos, Nigeria'),
(34, 'Lima, Peru'),
(35, 'Bogot, Colombia'),
(36, 'Sao Paulo, Brazil'),
(37, 'Mexico City, Mexico'),
(38, 'Chicago, USA'),
(39, 'Bangkok, Thailand'),
(40, 'Warsaw, Poland'),
(41, 'Johannesburg, South Africa'),
(42, 'Madrid, Spain'),
(43, 'Paris, France'),
(44, 'Barcelona, Spain'),
(45, 'Hong Kong, China'),
(46, 'Los Angeles, USA'),
(47, 'Paris, France'),
(48, 'London, UK'),
(49, 'Stockholm, Sweden'),
(50, 'Berlin, Germany');


